{
  "POST character" : {
    "transaction" : "POST character",
    "sampleCount" : 213611,
    "errorCount" : 172150,
    "errorPct" : 80.590416,
    "meanResTime" : 195.9029076217989,
    "medianResTime" : 548.0,
    "minResTime" : 0.0,
    "maxResTime" : 16406.0,
    "pct1ResTime" : 1207.0,
    "pct2ResTime" : 1331.0,
    "pct3ResTime" : 1907.0,
    "throughput" : 1545.8446708736178,
    "receivedKBytesPerSec" : 3269.7429313564703,
    "sentKBytesPerSec" : 70.32233742690904
  },
  "GET character/id" : {
    "transaction" : "GET character/id",
    "sampleCount" : 211470,
    "errorCount" : 170229,
    "errorPct" : 80.49794,
    "meanResTime" : 146.0618527450737,
    "medianResTime" : 49.0,
    "minResTime" : 0.0,
    "maxResTime" : 16406.0,
    "pct1ResTime" : 930.0,
    "pct2ResTime" : 1060.0,
    "pct3ResTime" : 1538.8400000000256,
    "throughput" : 1530.4172878461115,
    "receivedKBytesPerSec" : 3233.7996975594883,
    "sentKBytesPerSec" : 37.01638890371478
  },
  "DELETE  /character/id" : {
    "transaction" : "DELETE  /character/id",
    "sampleCount" : 209473,
    "errorCount" : 168409,
    "errorPct" : 80.39652,
    "meanResTime" : 137.23929098260874,
    "medianResTime" : 32.5,
    "minResTime" : 0.0,
    "maxResTime" : 16405.0,
    "pct1ResTime" : 815.9000000000015,
    "pct2ResTime" : 1042.9500000000007,
    "pct3ResTime" : 1837.0,
    "throughput" : 1515.9758860012882,
    "receivedKBytesPerSec" : 3203.750153505558,
    "sentKBytesPerSec" : 61.816603432553904
  },
  "Total" : {
    "transaction" : "Total",
    "sampleCount" : 1057434,
    "errorCount" : 851328,
    "errorPct" : 80.50886,
    "meanResTime" : 151.76843377458485,
    "medianResTime" : 45.0,
    "minResTime" : 0.0,
    "maxResTime" : 16406.0,
    "pct1ResTime" : 409.90000000000146,
    "pct2ResTime" : 562.0,
    "pct3ResTime" : 712.0,
    "throughput" : 7652.306690306474,
    "receivedKBytesPerSec" : 17178.369273132485,
    "sentKBytesPerSec" : 276.1316563280204
  },
  "GET characters" : {
    "transaction" : "GET characters",
    "sampleCount" : 212416,
    "errorCount" : 171139,
    "errorPct" : 80.56785,
    "meanResTime" : 134.67163961283407,
    "medianResTime" : 48.0,
    "minResTime" : 0.0,
    "maxResTime" : 15800.0,
    "pct1ResTime" : 804.0,
    "pct2ResTime" : 1026.0,
    "pct3ResTime" : 1691.0,
    "throughput" : 1537.2190299749607,
    "receivedKBytesPerSec" : 4253.59689660873,
    "sentKBytesPerSec" : 36.75591509295712
  },
  "PUT /character/id" : {
    "transaction" : "PUT /character/id",
    "sampleCount" : 210464,
    "errorCount" : 169401,
    "errorPct" : 80.4893,
    "meanResTime" : 144.42398224874188,
    "medianResTime" : 38.0,
    "minResTime" : 0.0,
    "maxResTime" : 15799.0,
    "pct1ResTime" : 902.0,
    "pct2ResTime" : 1071.0,
    "pct3ResTime" : 1777.900000000016,
    "throughput" : 1523.1258005919856,
    "receivedKBytesPerSec" : 3218.084620989803,
    "sentKBytesPerSec" : 70.23022164637896
  }
}