{
  "POST character" : {
    "transaction" : "POST character",
    "sampleCount" : 20000,
    "errorCount" : 17984,
    "errorPct" : 89.92,
    "meanResTime" : 56.70435000000018,
    "medianResTime" : 1.0,
    "minResTime" : 0.0,
    "maxResTime" : 4950.0,
    "pct1ResTime" : 17.0,
    "pct2ResTime" : 483.9500000000007,
    "pct3ResTime" : 1081.9900000000016,
    "throughput" : 1857.7001671930152,
    "receivedKBytesPerSec" : 4334.9056056102545,
    "sentKBytesPerSec" : 43.88816644993498
  },
  "GET character/id" : {
    "transaction" : "GET character/id",
    "sampleCount" : 20000,
    "errorCount" : 17732,
    "errorPct" : 88.66,
    "meanResTime" : 52.13185000000004,
    "medianResTime" : 1.0,
    "minResTime" : 0.0,
    "maxResTime" : 4947.0,
    "pct1ResTime" : 40.0,
    "pct2ResTime" : 379.90000000000146,
    "pct3ResTime" : 712.0,
    "throughput" : 1859.254438969973,
    "receivedKBytesPerSec" : 4282.554564760157,
    "sentKBytesPerSec" : 26.149033768708748
  },
  "DELETE  /character/id" : {
    "transaction" : "DELETE  /character/id",
    "sampleCount" : 20000,
    "errorCount" : 17479,
    "errorPct" : 87.395,
    "meanResTime" : 59.83005000000003,
    "medianResTime" : 1.0,
    "minResTime" : 0.0,
    "maxResTime" : 4948.0,
    "pct1ResTime" : 61.0,
    "pct2ResTime" : 408.0,
    "pct3ResTime" : 738.0,
    "throughput" : 1869.333582577811,
    "receivedKBytesPerSec" : 4254.831241529582,
    "sentKBytesPerSec" : 49.01277645691186
  },
  "Total" : {
    "transaction" : "Total",
    "sampleCount" : 100000,
    "errorCount" : 88710,
    "errorPct" : 88.71,
    "meanResTime" : 51.463299999999826,
    "medianResTime" : 1.0,
    "minResTime" : 0.0,
    "maxResTime" : 4950.0,
    "pct1ResTime" : 112.0,
    "pct2ResTime" : 452.9500000000007,
    "pct3ResTime" : 2078.0,
    "throughput" : 9279.020135473693,
    "receivedKBytesPerSec" : 21434.87523342535,
    "sentKBytesPerSec" : 194.64801704440012
  },
  "GET characters" : {
    "transaction" : "GET characters",
    "sampleCount" : 20000,
    "errorCount" : 17878,
    "errorPct" : 89.39,
    "meanResTime" : 39.42385000000005,
    "medianResTime" : 1.0,
    "minResTime" : 0.0,
    "maxResTime" : 4943.0,
    "pct1ResTime" : 25.0,
    "pct2ResTime" : 122.0,
    "pct3ResTime" : 644.0,
    "throughput" : 1858.0453363062059,
    "receivedKBytesPerSec" : 4359.055648457823,
    "sentKBytesPerSec" : 24.257289924749166
  },
  "PUT /character/id" : {
    "transaction" : "PUT /character/id",
    "sampleCount" : 20000,
    "errorCount" : 17637,
    "errorPct" : 88.185,
    "meanResTime" : 49.22640000000015,
    "medianResTime" : 1.0,
    "minResTime" : 0.0,
    "maxResTime" : 4949.0,
    "pct1ResTime" : 57.0,
    "pct2ResTime" : 424.9500000000007,
    "pct3ResTime" : 694.0,
    "throughput" : 1868.8095683049896,
    "receivedKBytesPerSec" : 4281.75133006681,
    "sentKBytesPerSec" : 52.1812146678191
  }
}