{
  "POST character" : {
    "transaction" : "POST character",
    "sampleCount" : 913098,
    "errorCount" : 792386,
    "errorPct" : 86.77995,
    "meanResTime" : 175.4178193359304,
    "medianResTime" : 189.0,
    "minResTime" : 0.0,
    "maxResTime" : 21965.0,
    "pct1ResTime" : 365.0,
    "pct2ResTime" : 428.0,
    "pct3ResTime" : 602.0,
    "throughput" : 1627.3703946618,
    "receivedKBytesPerSec" : 3677.869223917416,
    "sentKBytesPerSec" : 50.42324020474507
  },
  "GET character/id" : {
    "transaction" : "GET character/id",
    "sampleCount" : 908885,
    "errorCount" : 788759,
    "errorPct" : 86.78315,
    "meanResTime" : 133.92802169692177,
    "medianResTime" : 135.0,
    "minResTime" : 0.0,
    "maxResTime" : 21964.0,
    "pct1ResTime" : 341.0,
    "pct2ResTime" : 391.0,
    "pct3ResTime" : 595.0,
    "throughput" : 1619.8675425870542,
    "receivedKBytesPerSec" : 3661.033822341294,
    "sentKBytesPerSec" : 26.552862579221365
  },
  "DELETE  /character/id" : {
    "transaction" : "DELETE  /character/id",
    "sampleCount" : 904957,
    "errorCount" : 784862,
    "errorPct" : 86.7292,
    "meanResTime" : 125.11411370927236,
    "medianResTime" : 73.0,
    "minResTime" : 0.0,
    "maxResTime" : 21965.0,
    "pct1ResTime" : 330.0,
    "pct2ResTime" : 375.0,
    "pct3ResTime" : 577.0,
    "throughput" : 1612.9157019903078,
    "receivedKBytesPerSec" : 3646.2127308121862,
    "sentKBytesPerSec" : 44.523397732163964
  },
  "Total" : {
    "transaction" : "Total",
    "sampleCount" : 4544711,
    "errorCount" : 3943568,
    "errorPct" : 86.77269,
    "meanResTime" : 139.38538270090635,
    "medianResTime" : 25.0,
    "minResTime" : 0.0,
    "maxResTime" : 21965.0,
    "pct1ResTime" : 54.0,
    "pct2ResTime" : 63.0,
    "pct3ResTime" : 89.0,
    "throughput" : 8099.775259271668,
    "receivedKBytesPerSec" : 19375.34288318985,
    "sentKBytesPerSec" : 198.468915149793
  },
  "GET characters" : {
    "transaction" : "GET characters",
    "sampleCount" : 910832,
    "errorCount" : 790951,
    "errorPct" : 86.838295,
    "meanResTime" : 122.18124747483978,
    "medianResTime" : 97.0,
    "minResTime" : 0.0,
    "maxResTime" : 20584.0,
    "pct1ResTime" : 335.0,
    "pct2ResTime" : 378.0,
    "pct3ResTime" : 601.0,
    "throughput" : 1623.340492082305,
    "receivedKBytesPerSec" : 4739.2294668894865,
    "sentKBytesPerSec" : 26.290102964568646
  },
  "PUT /character/id" : {
    "transaction" : "PUT /character/id",
    "sampleCount" : 906939,
    "errorCount" : 786610,
    "errorPct" : 86.73241,
    "meanResTime" : 140.0953856874637,
    "medianResTime" : 102.0,
    "minResTime" : 0.0,
    "maxResTime" : 21964.0,
    "pct1ResTime" : 332.0,
    "pct2ResTime" : 378.0,
    "pct3ResTime" : 578.9900000000016,
    "throughput" : 1616.4280774796998,
    "receivedKBytesPerSec" : 3651.3411859116454,
    "sentKBytesPerSec" : 50.68319969687707
  }
}