{
  "POST character" : {
    "transaction" : "POST character",
    "sampleCount" : 2000,
    "errorCount" : 1303,
    "errorPct" : 65.15,
    "meanResTime" : 200.70750000000004,
    "medianResTime" : 3.0,
    "minResTime" : 0.0,
    "maxResTime" : 1698.0,
    "pct1ResTime" : 1176.0,
    "pct2ResTime" : 1398.9499999999998,
    "pct3ResTime" : 1574.0,
    "throughput" : 759.8784194528876,
    "receivedKBytesPerSec" : 1332.7510567059269,
    "sentKBytesPerSec" : 62.06663183890577
  },
  "GET character/id" : {
    "transaction" : "GET character/id",
    "sampleCount" : 2000,
    "errorCount" : 1284,
    "errorPct" : 64.2,
    "meanResTime" : 53.160000000000046,
    "medianResTime" : 3.0,
    "minResTime" : 0.0,
    "maxResTime" : 1071.0,
    "pct1ResTime" : 132.0,
    "pct2ResTime" : 143.0,
    "pct3ResTime" : 425.9200000000001,
    "throughput" : 735.8351729212657,
    "receivedKBytesPerSec" : 1274.1787245906917,
    "sentKBytesPerSec" : 32.67136911331862
  },
  "DELETE  /character/id" : {
    "transaction" : "DELETE  /character/id",
    "sampleCount" : 2000,
    "errorCount" : 1253,
    "errorPct" : 62.65,
    "meanResTime" : 52.56099999999992,
    "medianResTime" : 3.0,
    "minResTime" : 0.0,
    "maxResTime" : 1084.0,
    "pct1ResTime" : 132.0,
    "pct2ResTime" : 140.0,
    "pct3ResTime" : 472.4800000000005,
    "throughput" : 728.3321194464676,
    "receivedKBytesPerSec" : 1238.5365929989075,
    "sentKBytesPerSec" : 56.58479094592134
  },
  "Total" : {
    "transaction" : "Total",
    "sampleCount" : 10000,
    "errorCount" : 6399,
    "errorPct" : 63.99,
    "meanResTime" : 83.2360999999999,
    "medianResTime" : 3.0,
    "minResTime" : 0.0,
    "maxResTime" : 1698.0,
    "pct1ResTime" : 137.0,
    "pct2ResTime" : 268.0,
    "pct3ResTime" : 1398.9899999999998,
    "throughput" : 3621.8761318362913,
    "receivedKBytesPerSec" : 6382.669605668236,
    "sentKBytesPerSec" : 241.90065023994927
  },
  "GET characters" : {
    "transaction" : "GET characters",
    "sampleCount" : 2000,
    "errorCount" : 1292,
    "errorPct" : 64.6,
    "meanResTime" : 52.62200000000002,
    "medianResTime" : 2.0,
    "minResTime" : 0.0,
    "maxResTime" : 1073.0,
    "pct1ResTime" : 132.0,
    "pct2ResTime" : 157.94999999999982,
    "pct3ResTime" : 392.98,
    "throughput" : 746.2686567164179,
    "receivedKBytesPerSec" : 1428.3578445662313,
    "sentKBytesPerSec" : 32.50641324626866
  },
  "PUT /character/id" : {
    "transaction" : "PUT /character/id",
    "sampleCount" : 2000,
    "errorCount" : 1267,
    "errorPct" : 63.35,
    "meanResTime" : 57.1299999999999,
    "medianResTime" : 3.0,
    "minResTime" : 0.0,
    "maxResTime" : 1075.0,
    "pct1ResTime" : 132.0,
    "pct2ResTime" : 143.0,
    "pct3ResTime" : 495.93000000000006,
    "throughput" : 730.1935012778387,
    "receivedKBytesPerSec" : 1249.547907539248,
    "sentKBytesPerSec" : 63.24516817269077
  }
}