{
  "POST character" : {
    "transaction" : "POST character",
    "sampleCount" : 40478,
    "errorCount" : 27276,
    "errorPct" : 67.38475,
    "meanResTime" : 216.23249666485606,
    "medianResTime" : 10.0,
    "minResTime" : 0.0,
    "maxResTime" : 5893.0,
    "pct1ResTime" : 862.0,
    "pct2ResTime" : 936.9500000000007,
    "pct3ResTime" : 1077.9900000000016,
    "throughput" : 1324.8453507020588,
    "receivedKBytesPerSec" : 2392.922557216149,
    "sentKBytesPerSec" : 101.27381108238143
  },
  "GET character/id" : {
    "transaction" : "GET character/id",
    "sampleCount" : 39981,
    "errorCount" : 27145,
    "errorPct" : 67.89475,
    "meanResTime" : 124.8035316775464,
    "medianResTime" : 4.0,
    "minResTime" : 0.0,
    "maxResTime" : 5892.0,
    "pct1ResTime" : 773.0,
    "pct2ResTime" : 865.0,
    "pct3ResTime" : 1016.0,
    "throughput" : 1308.964117338921,
    "receivedKBytesPerSec" : 2379.8580978977047,
    "sentKBytesPerSec" : 52.12037859317706
  },
  "DELETE  /character/id" : {
    "transaction" : "DELETE  /character/id",
    "sampleCount" : 39604,
    "errorCount" : 26911,
    "errorPct" : 67.95021,
    "meanResTime" : 105.13236036764013,
    "medianResTime" : 3.0,
    "minResTime" : 0.0,
    "maxResTime" : 5597.0,
    "pct1ResTime" : 734.0,
    "pct2ResTime" : 843.9500000000007,
    "pct3ResTime" : 1013.9900000000016,
    "throughput" : 1296.7486329851674,
    "receivedKBytesPerSec" : 2365.0136164295536,
    "sentKBytesPerSec" : 86.4491393229593
  },
  "Total" : {
    "transaction" : "Total",
    "sampleCount" : 199948,
    "errorCount" : 135578,
    "errorPct" : 67.80663,
    "meanResTime" : 136.01519895172814,
    "medianResTime" : 580.0,
    "minResTime" : 0.0,
    "maxResTime" : 5893.0,
    "pct1ResTime" : 846.0,
    "pct2ResTime" : 868.0,
    "pct3ResTime" : 910.0,
    "throughput" : 6544.300068733021,
    "receivedKBytesPerSec" : 12771.594806821342,
    "sentKBytesPerSec" : 390.3348727518574
  },
  "GET characters" : {
    "transaction" : "GET characters",
    "sampleCount" : 40111,
    "errorCount" : 27225,
    "errorPct" : 67.874146,
    "meanResTime" : 109.76537608137441,
    "medianResTime" : 5.0,
    "minResTime" : 0.0,
    "maxResTime" : 5893.0,
    "pct1ResTime" : 751.0,
    "pct2ResTime" : 854.0,
    "pct3ResTime" : 994.0,
    "throughput" : 1313.779437293243,
    "receivedKBytesPerSec" : 3269.6788970636403,
    "sentKBytesPerSec" : 51.93351122629459
  },
  "PUT /character/id" : {
    "transaction" : "PUT /character/id",
    "sampleCount" : 39774,
    "errorCount" : 27021,
    "errorPct" : 67.93634,
    "meanResTime" : 122.87114698043922,
    "medianResTime" : 3.0,
    "minResTime" : 0.0,
    "maxResTime" : 5891.0,
    "pct1ResTime" : 770.0,
    "pct2ResTime" : 862.0,
    "pct3ResTime" : 1034.9900000000016,
    "throughput" : 1302.1870089051858,
    "receivedKBytesPerSec" : 2368.803700706358,
    "sentKBytesPerSec" : 98.6738010124738
  }
}